enrollee_id,target
32403,0.040000
9858,0.120000
31806,0.480000
27385,0.320000
27724,0.240000
217,0.160000
21465,0.520000
27302,0.040000
12994,0.080000
16287,0.160000
10856,0.040000
9272,0.160000
14249,0.080000
24372,0.280000
14070,0.160000
24914,0.080000
7865,0.320000
7463,0.360000
21514,0.240000
29033,0.160000
15359,0.080000
16001,0.280000
25202,0.280000
5058,0.000000
23570,0.280000
19139,0.040000
9548,0.320000
8799,0.040000
11113,0.360000
19437,0.240000
394,0.080000
7683,0.080000
22849,0.640000
17189,0.280000
28610,0.360000
25608,0.320000
22139,0.120000
19644,0.240000
18517,0.440000
12835,0.200000
20178,0.200000
25855,0.280000
32126,0.240000
22753,0.200000
18133,0.000000
29242,0.360000
6312,0.040000
113,0.320000
14685,0.160000
20768,0.120000
25906,0.200000
20142,0.200000
25891,0.240000
4742,0.120000
2222,0.240000
16917,0.160000
10493,0.280000
10418,0.320000
9766,0.240000
1361,0.080000
19625,0.400000
20943,0.240000
9561,0.200000
4271,0.160000
2094,0.280000
16931,0.040000
27298,0.080000
26493,0.120000
30745,0.040000
21052,0.000000
20723,0.360000
13539,0.240000
3214,0.320000
16230,0.160000
25300,0.040000
24018,0.120000
21833,0.200000
30632,0.320000
4334,0.120000
22271,0.240000
28776,0.360000
27769,0.040000
25909,0.360000
31266,0.240000
7973,0.360000
30867,0.240000
22501,0.360000
2539,0.160000
26681,0.240000
16184,0.120000
3852,0.360000
1680,0.160000
3562,0.360000
8488,0.080000
8373,0.240000
2934,0.120000
12919,0.160000
4386,0.040000
22462,0.200000
13988,0.120000
21230,0.080000
26180,0.000000
16658,0.240000
10324,0.120000
20453,0.200000
13485,0.400000
33080,0.200000
25492,0.160000
1319,0.240000
19146,0.120000
29339,0.360000
33177,0.200000
22143,0.240000
22264,0.120000
17034,0.240000
27002,0.040000
21318,0.240000
12308,0.200000
842,0.040000
4926,0.120000
3,0.320000
19567,0.280000
12809,0.320000
22682,0.320000
1216,0.360000
4417,0.240000
24162,0.440000
16873,0.240000
21920,0.120000
24230,0.360000
5189,0.320000
24396,0.280000
770,0.400000
30913,0.200000
14566,0.040000
15634,0.240000
18163,0.120000
16673,0.280000
18805,0.240000
15367,0.080000
22556,0.080000
27439,0.160000
18426,0.040000
9789,0.240000
28172,0.320000
9184,0.160000
3587,0.280000
1167,0.240000
1663,0.200000
20948,0.320000
31594,0.240000
27117,0.080000
678,0.240000
1441,0.040000
31272,0.280000
12443,0.320000
32981,0.120000
1317,0.320000
4601,0.200000
30498,0.160000
7863,0.160000
8744,0.120000
14698,0.240000
10021,0.240000
15253,0.160000
18108,0.320000
31410,0.240000
30532,0.240000
31733,0.200000
28833,0.040000
8708,0.200000
10050,0.360000
21685,0.280000
18529,0.000000
1850,0.200000
22639,0.160000
5967,0.280000
20977,0.320000
5391,0.000000
4398,0.080000
18383,0.320000
17336,0.120000
7470,0.040000
24781,0.320000
24202,0.040000
20650,0.080000
5377,0.280000
31693,0.240000
28619,0.120000
15432,0.360000
22999,0.640000
8377,0.240000
9302,0.120000
16158,0.120000
29575,0.040000
16573,0.240000
30736,0.120000
20612,0.280000
11976,0.120000
28302,0.200000
9462,0.160000
14512,0.080000
8401,0.240000
19780,0.320000
2594,0.280000
1466,0.360000
17205,0.120000
12990,0.240000
4234,0.240000
18171,0.080000
15457,0.200000
23319,0.040000
10598,0.160000
7788,0.120000
32021,0.320000
23969,0.320000
13037,0.120000
30196,0.040000
19504,0.240000
16336,0.240000
6048,0.240000
6827,0.280000
9268,0.320000
11169,0.280000
31131,0.240000
12361,0.160000
15165,0.120000
27773,0.280000
15266,0.240000
26289,0.280000
32553,0.480000
33062,0.040000
8818,0.320000
15380,0.280000
30120,0.280000
24317,0.040000
412,0.200000
30607,0.040000
8513,0.120000
8596,0.280000
14539,0.120000
20456,0.080000
15221,0.200000
28968,0.120000
21648,0.320000
3210,0.120000
22118,0.120000
5605,0.120000
30930,0.160000
28718,0.040000
8141,0.160000
3486,0.200000
8805,0.240000
6602,0.080000
14916,0.080000
21636,0.240000
9047,0.120000
6694,0.120000
17793,0.200000
32857,0.320000
26325,0.200000
20907,0.080000
12617,0.360000
24295,0.360000
32409,0.080000
16713,0.280000
4863,0.200000
13274,0.120000
12462,0.280000
8524,0.160000
21728,0.280000
20577,0.120000
3407,0.280000
27184,0.080000
28845,0.080000
2851,0.160000
485,0.040000
7207,0.360000
9005,0.280000
4532,0.040000
23235,0.160000
5403,0.320000
8232,0.280000
40,0.280000
8991,0.000000
28620,0.240000
16355,0.320000
18340,0.040000
5138,0.000000
12391,0.160000
15550,0.240000
27155,0.240000
19883,0.040000
25140,0.080000
27463,0.320000
23894,0.080000
18285,0.320000
25415,0.080000
9894,0.320000
15242,0.080000
8485,0.040000
11982,0.280000
28370,0.040000
17047,0.080000
24941,0.080000
28936,0.040000
9562,0.040000
30061,0.120000
2718,0.120000
24681,0.080000
16210,0.160000
1517,0.040000
29475,0.080000
32233,0.240000
26601,0.120000
22457,0.280000
30759,0.160000
27417,0.360000
18983,0.040000
32085,0.120000
13197,0.200000
14026,0.160000
19719,0.240000
30046,0.040000
10446,0.120000
5907,0.200000
1392,0.360000
10348,0.200000
7957,0.400000
19058,0.240000
19243,0.240000
7770,0.080000
15910,0.240000
30486,0.280000
20333,0.080000
6816,0.120000
26209,0.240000
10803,0.120000
26411,0.040000
31555,0.240000
15564,0.280000
28764,0.040000
14172,0.160000
3068,0.040000
27164,0.200000
20887,0.320000
27102,0.400000
14534,0.240000
9021,0.120000
6527,0.280000
7615,0.240000
11392,0.120000
33148,0.240000
20910,0.120000
20269,0.120000
23670,0.120000
19946,0.360000
29652,0.240000
23770,0.280000
24340,0.360000
18737,0.280000
24739,0.240000
31072,0.160000
32629,0.040000
4184,0.320000
19028,0.200000
12295,0.160000
17898,0.120000
25160,0.120000
13000,0.040000
8849,0.080000
4773,0.240000
23867,0.120000
25341,0.200000
1456,0.040000
22152,0.240000
6560,0.080000
22829,0.320000
4745,0.200000
22814,0.080000
23233,0.280000
26370,0.120000
12695,0.280000
11888,0.120000
319,0.200000
2510,0.000000
5298,0.240000
18400,0.200000
30849,0.320000
31123,0.080000
15829,0.120000
15578,0.280000
4037,0.040000
29658,0.080000
10171,0.280000
1937,0.360000
7376,0.320000
25243,0.400000
9234,0.160000
8471,0.200000
5367,0.240000
5576,0.240000
5488,0.160000
18306,0.080000
2063,0.240000
14205,0.080000
16490,0.080000
10560,0.200000
23064,0.200000
32545,0.040000
29833,0.000000
14200,0.200000
29830,0.120000
21423,0.560000
13869,0.080000
28259,0.240000
9618,0.160000
18209,0.160000
27437,0.240000
17129,0.040000
8349,0.360000
6179,0.240000
28842,0.040000
26563,0.280000
19256,0.040000
25579,0.120000
27521,0.240000
31378,0.360000
14870,0.280000
11929,0.240000
14585,0.280000
32487,0.280000
15593,0.040000
13170,0.320000
24544,0.360000
11613,0.280000
30221,0.120000
28251,0.240000
4062,0.080000
29018,0.040000
26433,0.080000
5489,0.120000
19459,0.080000
6017,0.000000
24261,0.280000
16705,0.200000
16540,0.360000
7508,0.080000
32650,0.280000
21381,0.280000
9487,0.040000
9040,0.240000
12854,0.240000
32495,0.120000
1622,0.040000
15660,0.040000
4052,0.240000
23279,0.200000
20286,0.200000
13832,0.120000
8066,0.200000
31585,0.240000
1249,0.120000
10843,0.240000
9706,0.280000
14601,0.200000
5823,0.320000
1148,0.080000
31284,0.200000
21383,0.160000
32156,0.120000
14110,0.240000
20035,0.120000
20872,0.160000
14568,0.320000
12115,0.120000
26440,0.280000
28319,0.080000
11654,0.120000
22964,0.280000
6834,0.240000
15305,0.000000
14669,0.080000
15978,0.280000
32027,0.200000
4806,0.360000
23700,0.160000
5956,0.200000
2441,0.360000
20068,0.280000
18369,0.160000
28121,0.160000
15061,0.080000
7443,0.320000
14456,0.320000
1864,0.080000
23766,0.200000
13051,0.160000
25644,0.200000
16941,0.240000
30388,0.240000
5861,0.240000
9840,0.120000
16203,0.120000
23986,0.200000
6889,0.240000
3658,0.360000
4004,0.120000
14620,0.400000
18979,0.280000
25101,0.160000
10873,0.160000
24570,0.280000
25051,0.000000
22366,0.200000
11762,0.640000
9993,0.080000
31464,0.160000
5040,0.240000
976,0.240000
30784,0.240000
31557,0.120000
22982,0.360000
29300,0.120000
5932,0.280000
31852,0.080000
20833,0.120000
9501,0.120000
9707,0.000000
20756,0.320000
11541,0.320000
28084,0.400000
9726,0.080000
31483,0.280000
17440,0.160000
30836,0.120000
139,0.240000
2606,0.040000
14158,0.280000
13100,0.080000
30502,0.120000
24245,0.320000
28562,0.120000
12735,0.120000
4114,0.200000
30367,0.080000
5412,0.040000
27834,0.360000
4709,0.160000
23880,0.320000
18607,0.040000
15527,0.040000
13748,0.280000
24331,0.120000
10636,0.280000
12488,0.080000
16660,0.320000
2892,0.200000
6332,0.200000
6504,0.080000
19043,0.240000
22715,0.280000
27606,0.120000
33052,0.240000
6793,0.320000
16595,0.280000
18261,0.200000
27307,0.080000
25699,0.120000
11707,0.360000
21613,0.280000
32057,0.240000
115,0.240000
6823,0.120000
14353,0.160000
26805,0.160000
15635,0.040000
26417,0.360000
3848,0.200000
17211,0.040000
13103,0.240000
5243,0.280000
2107,0.240000
30974,0.200000
2998,0.160000
22975,0.040000
27239,0.000000
18463,0.000000
21490,0.200000
30657,0.160000
32075,0.080000
31141,0.200000
2340,0.200000
21188,0.240000
24156,0.040000
32584,0.480000
6515,0.200000
14292,0.280000
16125,0.280000
25802,0.280000
19385,0.280000
27304,0.360000
3697,0.080000
11800,0.320000
180,0.160000
7733,0.200000
6935,0.200000
4082,0.080000
31959,0.080000
25113,0.000000
14329,0.120000
15570,0.280000
32516,0.040000
2535,0.040000
16014,0.400000
24251,0.360000
31019,0.040000
21012,0.200000
22140,0.200000
21462,0.080000
20786,0.120000
32404,0.080000
16084,0.080000
20103,0.160000
22525,0.240000
13230,0.040000
29502,0.040000
11646,0.120000
6058,0.200000
30892,0.240000
31017,0.040000
23803,0.120000
6831,0.240000
20380,0.120000
15629,0.360000
17342,0.080000
22359,0.040000
27610,0.200000
26769,0.120000
3979,0.240000
25171,0.120000
23379,0.160000
18138,0.240000
31687,0.280000
23739,0.080000
8392,0.000000
6427,0.240000
27813,0.120000
20687,0.280000
22527,0.040000
33343,0.640000
818,0.280000
31669,0.040000
10952,0.000000
16331,0.240000
32029,0.080000
21152,0.280000
23488,0.240000
11945,0.160000
1670,0.120000
16104,0.320000
4158,0.080000
29781,0.160000
6720,0.160000
14369,0.280000
20235,0.160000
3617,0.200000
30756,0.120000
22625,0.200000
22057,0.280000
20635,0.080000
1588,0.240000
234,0.240000
18752,0.120000
18128,0.320000
18260,0.080000
19332,0.240000
9564,0.240000
5685,0.240000
18063,0.200000
27124,0.120000
3395,0.040000
22310,0.240000
15977,0.080000
4917,0.040000
19102,0.200000
23275,0.200000
13157,0.120000
13269,0.120000
29977,0.120000
20571,0.360000
23883,0.040000
33033,0.080000
10579,0.080000
5258,0.080000
853,0.240000
27245,0.360000
30670,0.040000
22497,0.160000
3218,0.280000
464,0.280000
15770,0.080000
18264,0.280000
32066,0.240000
11386,0.080000
17502,0.040000
32273,0.240000
27543,0.160000
16317,0.040000
2852,0.400000
5056,0.120000
17504,0.240000
24585,0.240000
11734,0.200000
16675,0.320000
23344,0.080000
21786,0.320000
31079,0.280000
33251,0.200000
7805,0.240000
8911,0.080000
7315,0.040000
28132,0.040000
8367,0.040000
27909,0.160000
32320,0.080000
15441,0.200000
25999,0.040000
20169,0.160000
11682,0.040000
26581,0.120000
14832,0.200000
18023,0.120000
18963,0.240000
9105,0.200000
18344,0.040000
576,0.240000
2656,0.080000
16881,0.200000
30245,0.160000
9630,0.240000
3580,0.240000
14773,0.080000
31238,0.280000
1633,0.240000
1995,0.120000
30587,0.280000
32369,0.200000
3722,0.240000
10721,0.120000
407,0.240000
31098,0.240000
4053,0.240000
13782,0.080000
20767,0.160000
20113,0.280000
4674,0.000000
2444,0.040000
19966,0.320000
26367,0.000000
19508,0.400000
13006,0.120000
7563,0.240000
25993,0.040000
18013,0.120000
27699,0.320000
3003,0.240000
6620,0.120000
4364,0.120000
2296,0.280000
17958,0.200000
9740,0.240000
1304,0.200000
28735,0.240000
32212,0.120000
14053,0.080000
22641,0.200000
17900,0.280000
31333,0.200000
501,0.200000
18104,0.200000
6092,0.280000
17249,0.320000
1227,0.040000
23515,0.120000
16309,0.320000
5368,0.040000
27693,0.240000
2582,0.280000
12096,0.240000
17526,0.280000
23647,0.240000
11440,0.040000
7942,0.240000
12064,0.040000
2170,0.240000
15663,0.040000
18378,0.400000
5943,0.240000
8578,0.000000
28645,0.160000
5101,0.040000
14529,0.160000
26235,0.080000
24260,0.320000
17549,0.280000
17610,0.280000
10246,0.160000
8990,0.200000
20459,0.240000
22775,0.240000
11212,0.400000
11963,0.360000
14516,0.040000
6464,0.200000
31981,0.280000
19350,0.240000
675,0.120000
3374,0.320000
24495,0.280000
8484,0.240000
12459,0.080000
29414,0.240000
10548,0.240000
29383,0.080000
13373,0.160000
21283,0.200000
2280,0.200000
5624,0.240000
6778,0.200000
2926,0.080000
20431,0.040000
29537,0.360000
4450,0.280000
25833,0.120000
33112,0.480000
547,0.320000
9270,0.080000
15566,0.240000
30826,0.120000
250,0.360000
25714,0.160000
28267,0.640000
4504,0.240000
12581,0.080000
15483,0.320000
2894,0.080000
15726,0.120000
17117,0.200000
14182,0.040000
3699,0.120000
29624,0.080000
16168,0.200000
9800,0.320000
9544,0.040000
1433,0.040000
27458,0.000000
4804,0.120000
24376,0.280000
31613,0.120000
26895,0.120000
17085,0.080000
22698,0.000000
146,0.240000
24022,0.280000
14658,0.320000
21548,0.240000
9827,0.120000
18544,0.160000
28874,0.120000
6361,0.240000
13089,0.120000
23426,0.360000
22520,0.080000
9649,0.280000
23255,0.120000
24081,0.160000
23116,0.160000
27338,0.040000
14873,0.240000
11886,0.120000
9207,0.360000
3291,0.240000
5002,0.120000
6768,0.240000
6281,0.200000
11155,0.240000
14342,0.080000
10394,0.240000
14014,0.240000
28671,0.120000
5109,0.120000
31775,0.240000
17944,0.240000
7499,0.200000
13124,0.040000
22808,0.080000
29695,0.240000
6167,0.200000
137,0.280000
19494,0.240000
33277,0.320000
3760,0.040000
6837,0.280000
27220,0.120000
26985,0.200000
23667,0.000000
7793,0.200000
11502,0.520000
5882,0.080000
24978,0.200000
25866,0.120000
30020,0.120000
5380,0.120000
20045,0.200000
26651,0.160000
14077,0.240000
32000,0.160000
26694,0.080000
167,0.080000
28381,0.320000
24612,0.280000
17481,0.000000
28007,0.040000
26178,0.040000
13467,0.280000
5720,0.280000
18565,0.080000
17018,0.200000
13047,0.240000
20475,0.280000
5150,0.200000
31451,0.280000
14621,0.080000
29123,0.160000
13949,0.000000
2269,0.280000
12814,0.200000
5255,0.040000
3880,0.280000
25297,0.240000
27008,0.160000
1886,0.040000
31129,0.280000
1123,0.360000
9149,0.320000
21962,0.080000
462,0.120000
2677,0.000000
18648,0.360000
25612,0.160000
2784,0.240000
33064,0.360000
3543,0.160000
16419,0.280000
31606,0.200000
5800,0.120000
9032,0.200000
32908,0.000000
31186,0.360000
18411,0.000000
7636,0.280000
25586,0.160000
2583,0.320000
560,0.240000
5514,0.240000
3624,0.320000
1274,0.080000
4957,0.240000
7424,0.240000
12055,0.280000
9163,0.400000
29171,0.360000
16193,0.280000
25623,0.120000
2575,0.240000
21353,0.200000
9106,0.200000
30470,0.120000
20437,0.080000
18316,0.120000
11956,0.280000
8713,0.160000
12951,0.160000
23795,0.240000
25933,0.200000
14271,0.240000
25129,0.480000
344,0.120000
31672,0.320000
6400,0.080000
30719,0.240000
26660,0.280000
14428,0.120000
6225,0.280000
7773,0.080000
7720,0.200000
2018,0.320000
5485,0.080000
23288,0.280000
33010,0.400000
4819,0.200000
3127,0.240000
32360,0.200000
23133,0.360000
28972,0.280000
7439,0.120000
28333,0.200000
25726,0.080000
15009,0.120000
20205,0.080000
31245,0.200000
10810,0.120000
1172,0.120000
10809,0.240000
16944,0.000000
12829,0.200000
24246,0.120000
33108,0.240000
5484,0.360000
20725,0.240000
19501,0.400000
19468,0.080000
1097,0.200000
31984,0.360000
172,0.240000
4899,0.120000
19171,0.240000
21296,0.080000
14156,0.240000
31565,0.200000
21308,0.120000
691,0.240000
15225,0.160000
852,0.240000
3413,0.240000
33234,0.640000
13314,0.240000
30921,0.000000
17072,0.120000
31230,0.080000
6689,0.360000
19117,0.120000
32259,0.200000
15640,0.280000
16690,0.240000
10928,0.040000
10640,0.240000
14904,0.040000
5160,0.120000
8239,0.080000
11912,0.200000
23554,0.280000
17221,0.120000
25072,0.360000
19240,0.200000
12151,0.240000
26963,0.040000
2889,0.120000
19260,0.240000
7626,0.080000
31896,0.160000
17673,0.240000
12645,0.280000
13726,0.040000
14240,0.080000
5113,0.320000
32646,0.360000
30645,0.240000
14500,0.120000
16525,0.080000
20663,0.280000
8897,0.320000
10049,0.240000
13543,0.080000
1250,0.240000
16345,0.080000
3673,0.240000
17165,0.160000
8587,0.240000
7903,0.280000
28390,0.040000
18101,0.160000
3408,0.080000
3619,0.240000
9335,0.200000
31337,0.080000
18903,0.240000
1406,0.160000
31133,0.080000
30475,0.120000
11339,0.200000
10455,0.120000
22881,0.120000
29667,0.280000
16517,0.720000
15094,0.120000
2682,0.040000
7679,0.080000
2954,0.160000
12709,0.120000
24845,0.280000
6829,0.120000
12810,0.360000
20607,0.200000
10429,0.240000
18781,0.200000
21189,0.400000
19996,0.200000
24837,0.080000
4955,0.400000
32766,0.080000
6209,0.280000
24293,0.320000
28090,0.200000
11842,0.000000
13211,0.080000
26309,0.040000
4832,0.080000
23885,0.120000
27278,0.200000
32853,0.080000
3264,0.240000
9997,0.280000
21496,0.200000
20570,0.040000
11907,0.240000
28629,0.120000
31388,0.240000
14538,0.240000
28,0.280000
32099,0.040000
6356,0.160000
16058,0.320000
10198,0.040000
24993,0.040000
28864,0.120000
1206,0.200000
14412,0.040000
19987,0.400000
15586,0.200000
17424,0.160000
19783,0.120000
15763,0.240000
6433,0.280000
7881,0.200000
9237,0.320000
26656,0.240000
14019,0.280000
27036,0.160000
8304,0.320000
16458,0.040000
16138,0.040000
8701,0.400000
14281,0.240000
1968,0.240000
742,0.200000
17953,0.040000
660,0.320000
10829,0.120000
14159,0.240000
13603,0.240000
18232,0.400000
14574,0.280000
24725,0.040000
10737,0.360000
15141,0.160000
25308,0.120000
23084,0.360000
25465,0.240000
12340,0.320000
15589,0.200000
129,0.080000
19641,0.040000
8083,0.200000
4166,0.360000
14586,0.240000
21822,0.240000
2415,0.200000
1382,0.080000
30373,0.360000
1135,0.360000
29230,0.200000
16972,0.200000
25730,0.200000
17021,0.080000
19032,0.240000
6154,0.200000
2744,0.320000
621,0.000000
14035,0.080000
13621,0.040000
19202,0.120000
29010,0.120000
3606,0.240000
22214,0.360000
16245,0.240000
30639,0.200000
28365,0.280000
30546,0.080000
7792,0.200000
12846,0.280000
25038,0.040000
17919,0.080000
6465,0.360000
13836,0.240000
30399,0.320000
27949,0.280000
27512,0.240000
22507,0.200000
656,0.160000
23663,0.000000
30907,0.240000
30023,0.240000
22045,0.040000
2209,0.200000
4838,0.120000
28498,0.280000
1179,0.000000
10682,0.240000
20707,0.160000
31228,0.200000
11642,0.280000
14477,0.240000
25737,0.160000
21032,0.000000
30770,0.240000
28733,0.200000
26032,0.000000
2421,0.200000
6027,0.160000
7266,0.120000
20956,0.200000
26068,0.040000
20179,0.040000
32956,0.240000
12570,0.040000
7689,0.280000
19653,0.160000
8447,0.240000
18513,0.160000
4066,0.320000
613,0.200000
12437,0.360000
20917,0.080000
12505,0.240000
22510,0.480000
6642,0.520000
8562,0.160000
13030,0.040000
33291,0.040000
10469,0.000000
30777,0.240000
31756,0.080000
3879,0.200000
16255,0.240000
5050,0.080000
4273,0.160000
14867,0.320000
16180,0.080000
8491,0.080000
23514,0.040000
14398,0.080000
11444,0.200000
22303,0.120000
7391,0.120000
9195,0.280000
7519,0.120000
15307,0.040000
24683,0.200000
27067,0.000000
11327,0.120000
2529,0.120000
31349,0.200000
30739,0.200000
32141,0.080000
7759,0.120000
16286,0.040000
5381,0.200000
16782,0.040000
8122,0.160000
4370,0.040000
13883,0.400000
21673,0.240000
24268,0.240000
17200,0.320000
31533,0.400000
23172,0.240000
1647,0.160000
1276,0.040000
19942,0.160000
26888,0.200000
11667,0.240000
3890,0.080000
17267,0.000000
4934,0.120000
2752,0.280000
6413,0.240000
5817,0.360000
27952,0.240000
6402,0.160000
2358,0.040000
7645,0.080000
15411,0.360000
32727,0.040000
32693,0.320000
471,0.200000
16922,0.120000
31991,0.160000
16212,0.280000
22477,0.360000
11514,0.360000
28290,0.200000
11473,0.160000
28584,0.120000
9209,0.240000
28252,0.160000
30158,0.320000
18492,0.080000
18940,0.200000
30512,0.040000
19654,0.080000
16577,0.040000
17836,0.280000
29074,0.160000
25155,0.080000
31796,0.360000
30965,0.240000
7212,0.000000
20419,0.240000
27143,0.120000
33134,0.240000
21657,0.040000
14255,0.280000
11728,0.400000
915,0.320000
7987,0.040000
25241,0.240000
18483,0.080000
7032,0.200000
31668,0.040000
22870,0.120000
13142,0.240000
11481,0.200000
1679,0.320000
15849,0.080000
22392,0.000000
29223,0.040000
5296,0.200000
25329,0.480000
15164,0.160000
5780,0.360000
14767,0.120000
7926,0.120000
32606,0.280000
30295,0.240000
2436,0.240000
12407,0.360000
5509,0.400000
33300,0.400000
12374,0.120000
23562,0.200000
27420,0.240000
15974,0.320000
13204,0.120000
12453,0.240000
21071,0.280000
795,0.000000
80,0.240000
8509,0.080000
27199,0.360000
4393,0.000000
26993,0.080000
9753,0.040000
17074,0.440000
9291,0.280000
21210,0.240000
6548,0.360000
5601,0.680000
29159,0.240000
20909,0.240000
13140,0.160000
8903,0.240000
20079,0.360000
24628,0.200000
5482,0.320000
16050,0.080000
18581,0.400000
14438,0.040000
8031,0.440000
32710,0.240000
5857,0.120000
28799,0.040000
19726,0.120000
6191,0.080000
32521,0.080000
29176,0.360000
28278,0.160000
2625,0.120000
15587,0.040000
14741,0.240000
19210,0.200000
21015,0.360000
2010,0.360000
8942,0.080000
9586,0.160000
6444,0.240000
1604,0.120000
24158,0.240000
24017,0.120000
24362,0.080000
29969,0.320000
16831,0.200000
28518,0.320000
21039,0.200000
1776,0.280000
1678,0.360000
11188,0.160000
5346,0.200000
25867,0.080000
8335,0.360000
29417,0.080000
28383,0.200000
31485,0.240000
11330,0.200000
13259,0.240000
7539,0.200000
18271,0.360000
19556,0.200000
31232,0.240000
1175,0.240000
8107,0.280000
2768,0.120000
26448,0.200000
22700,0.040000
10287,0.240000
21246,0.080000
9098,0.160000
17952,0.200000
3889,0.240000
268,0.080000
27376,0.080000
22042,0.080000
32395,0.360000
16955,0.080000
15027,0.200000
27771,0.200000
25918,0.280000
28694,0.200000
10523,0.160000
12163,0.200000
10279,0.120000
20918,0.200000
22940,0.320000
11283,0.240000
15682,0.240000
29890,0.160000
24998,0.080000
15853,0.480000
14581,0.000000
27390,0.120000
21976,0.120000
28808,0.160000
14285,0.120000
7784,0.320000
15973,0.080000
24155,0.240000
24815,0.320000
21023,0.760000
27787,0.240000
24378,0.240000
7346,0.120000
25958,0.240000
32635,0.040000
1985,0.200000
288,0.200000
27281,0.240000
7953,0.080000
366,0.000000
27108,0.200000
9514,0.280000
17386,0.040000
4889,0.200000
22974,0.080000
28176,0.120000
17224,0.040000
32636,0.240000
21511,0.080000
25408,0.120000
10308,0.120000
6509,0.280000
12676,0.120000
22320,0.280000
19403,0.280000
25679,0.040000
25097,0.040000
30538,0.360000
29321,0.240000
5083,0.240000
17194,0.360000
25371,0.120000
25629,0.360000
2790,0.040000
31615,0.240000
9134,0.200000
23968,0.200000
24908,0.200000
22712,0.240000
11063,0.120000
16129,0.120000
25292,0.240000
11796,0.240000
31234,0.040000
4581,0.080000
17703,0.120000
30036,0.160000
9837,0.080000
2715,0.080000
22652,0.120000
15158,0.240000
830,0.240000
24660,0.360000
2915,0.200000
18322,0.040000
23189,0.240000
25544,0.200000
15534,0.080000
12312,0.080000
7789,0.080000
6335,0.200000
17675,0.120000
7156,0.000000
14816,0.080000
31402,0.040000
12759,0.240000
18706,0.080000
5266,0.120000
27308,0.040000
6721,0.280000
667,0.240000
3027,0.240000
8735,0.200000
24238,0.080000
28911,0.080000
18575,0.080000
15098,0.280000
33308,0.280000
185,0.240000
25603,0.040000
27386,0.040000
28630,0.360000
32243,0.240000
3635,0.240000
30957,0.040000
2326,0.080000
17950,0.200000
32910,0.280000
32353,0.040000
13462,0.240000
28937,0.200000
29276,0.240000
16082,0.320000
515,0.240000
31826,0.240000
14515,0.360000
26722,0.040000
2937,0.200000
30103,0.240000
25100,0.200000
13397,0.240000
8413,0.160000
11413,0.040000
9556,0.120000
28061,0.280000
32374,0.120000
16251,0.040000
23674,0.080000
16689,0.280000
8042,0.080000
9055,0.080000
12674,0.040000
16328,0.160000
22099,0.240000
6314,0.320000
4579,0.120000
11640,0.080000
5126,0.360000
11401,0.200000
5841,0.120000
1838,0.160000
6398,0.280000
18267,0.240000
22591,0.360000
12996,0.080000
8514,0.240000
3862,0.240000
29762,0.080000
32795,0.080000
9918,0.240000
10162,0.240000
18847,0.240000
26138,0.120000
30294,0.120000
31629,0.200000
32019,0.160000
29341,0.240000
31465,0.360000
19158,0.200000
26354,0.360000
2936,0.280000
24820,0.160000
29326,0.080000
32022,0.240000
10478,0.240000
24800,0.040000
29243,0.160000
22835,0.080000
6615,0.120000
32152,0.240000
7281,0.320000
7314,0.160000
5479,0.000000
28427,0.080000
18166,0.280000
18384,0.240000
23628,0.160000
18665,0.200000
20691,0.240000
10260,0.160000
4586,0.000000
610,0.240000
17389,0.000000
12558,0.200000
16395,0.320000
11770,0.200000
27991,0.080000
27425,0.120000
25585,0.280000
20758,0.240000
4791,0.200000
18816,0.120000
31466,0.080000
12500,0.040000
1928,0.120000
15385,0.240000
14264,0.240000
29541,0.240000
8426,0.120000
11148,0.280000
22661,0.120000
19550,0.000000
15384,0.160000
1443,0.120000
14491,0.160000
3275,0.240000
5265,0.360000
15865,0.280000
8539,0.240000
25995,0.200000
12288,0.200000
25411,0.040000
12189,0.000000
27933,0.360000
11273,0.240000
30859,0.240000
15521,0.160000
25054,0.120000
11506,0.240000
5934,0.280000
3689,0.160000
27337,0.280000
15911,0.360000
32996,0.200000
10663,0.320000
18356,0.240000
6865,0.120000
30679,0.240000
7347,0.680000
31951,0.200000
13009,0.200000
6452,0.240000
19294,0.360000
12946,0.080000
8375,0.040000
8043,0.400000
4063,0.280000
14821,0.400000
16107,0.120000
23465,0.000000
18698,0.120000
24582,0.240000
19239,0.360000
9664,0.120000
17300,0.040000
21257,0.360000
26856,0.320000
29283,0.360000
30846,0.240000
24670,0.200000
11391,0.040000
13823,0.320000
25931,0.120000
14638,0.160000
29031,0.080000
14883,0.280000
17924,0.160000
30951,0.280000
9051,0.000000
6963,0.280000
3559,0.360000
9700,0.280000
11849,0.080000
22737,0.320000
6969,0.040000
31870,0.200000
25263,0.200000
21049,0.080000
17307,0.080000
19471,0.160000
22338,0.120000
18519,0.120000
8752,0.080000
17254,0.160000
31441,0.080000
13175,0.320000
2122,0.080000
734,0.280000
10655,0.080000
20900,0.320000
25977,0.080000
8038,0.240000
9275,0.080000
26576,0.240000
8184,0.240000
25181,0.320000
27059,0.240000
17920,0.320000
14932,0.200000
2491,0.320000
22450,0.040000
12831,0.360000
24057,0.280000
27854,0.200000
9083,0.120000
26670,0.040000
5709,0.320000
31995,0.120000
11845,0.080000
14052,0.240000
22407,0.280000
33353,0.360000
32278,0.120000
14069,0.080000
828,0.400000
16574,0.320000
6742,0.200000
6583,0.240000
15159,0.080000
16614,0.040000
27456,0.040000
16462,0.200000
32105,0.120000
22464,0.240000
20165,0.200000
2610,0.080000
18668,0.360000
20361,0.360000
1055,0.280000
19794,0.240000
4810,0.120000
16560,0.240000
5236,0.280000
28886,0.160000
18338,0.080000
25697,0.360000
15150,0.320000
5005,0.280000
8358,0.200000
27297,0.080000
19413,0.200000
5111,0.120000
13477,0.040000
2120,0.280000
28293,0.080000
31481,0.080000
25635,0.120000
14041,0.240000
10311,0.040000
13925,0.120000
2183,0.240000
23188,0.320000
8982,0.120000
20064,0.200000
21604,0.080000
3991,0.120000
3307,0.040000
4343,0.240000
24642,0.200000
12008,0.280000
22200,0.200000
2789,0.240000
22697,0.240000
20321,0.200000
13470,0.360000
31236,0.120000
32607,0.280000
8216,0.240000
5320,0.280000
30466,0.280000
24026,0.280000
30013,0.400000
22342,0.040000
370,0.040000
30365,0.080000
30316,0.080000
28350,0.040000
11927,0.120000
31708,0.120000
25882,0.040000
16079,0.280000
21788,0.080000
2530,0.280000
20640,0.040000
7148,0.200000
20308,0.040000
2196,0.240000
17225,0.000000
28163,0.080000
16164,0.280000
11460,0.280000
2900,0.080000
1026,0.280000
8049,0.280000
12413,0.120000
17269,0.040000
3885,0.320000
5194,0.280000
11644,0.400000
28377,0.160000
25914,0.080000
24947,0.120000
32540,0.240000
1346,0.120000
13220,0.280000
19336,0.320000
7416,0.040000
26996,0.160000
26859,0.120000
13498,0.320000
17659,0.080000
25173,0.120000
12002,0.080000
22468,0.040000
25106,0.400000
11730,0.040000
21871,0.240000
19543,0.160000
4842,0.000000
12874,0.240000
19725,0.120000
27614,0.040000
322,0.280000
29603,0.240000
28292,0.040000
423,0.360000
22858,0.320000
16449,0.320000
26195,0.080000
29710,0.200000
11901,0.120000
8170,0.160000
31818,0.240000
10618,0.160000
10217,0.200000
13819,0.080000
13722,0.040000
18100,0.040000
5029,0.120000
31473,0.240000
26801,0.120000
18912,0.080000
27030,0.200000
3647,0.280000
4222,0.240000
25614,0.080000
19648,0.240000
22430,0.200000
15851,0.240000
301,0.080000
18825,0.240000
31758,0.000000
5898,0.280000
17932,0.080000
30260,0.120000
17669,0.360000
14806,0.040000
22480,0.040000
29259,0.400000
22746,0.040000
9852,0.080000
30,0.120000
17854,0.280000
9205,0.120000
17779,0.080000
20154,0.240000
16828,0.040000
7387,0.240000
31802,0.120000
17188,0.080000
7300,0.360000
12136,0.320000
21899,0.160000
10834,0.120000
20841,0.280000
5962,0.200000
7813,0.200000
10847,0.240000
30109,0.000000
3312,0.120000
12884,0.160000
20514,0.200000
8411,0.120000
16798,0.320000
27389,0.240000
32783,0.040000
10230,0.200000
5980,0.160000
3672,0.080000
29832,0.320000
18719,0.280000
23024,0.120000
29629,0.120000
8112,0.080000
13953,0.320000
17450,0.320000
9752,0.120000
10167,0.120000
181,0.120000
1476,0.240000
16816,0.240000
16023,0.080000
12059,0.440000
28220,0.200000
18822,0.120000
17720,0.040000
13419,0.080000
23734,0.000000
6610,0.480000
18569,0.320000
25136,0.240000
21469,0.240000
19752,0.160000
32453,0.200000
24625,0.320000
32745,0.480000
15144,0.040000
26541,0.280000
14132,0.240000
2580,0.240000
32229,0.040000
11638,0.080000
7132,0.240000
22168,0.240000
29886,0.120000
5130,0.120000
923,0.160000
28035,0.080000
17153,0.200000
30428,0.040000
14687,0.400000
26621,0.080000
19744,0.360000
32698,0.120000
15049,0.000000
32808,0.240000
7535,0.240000
20622,0.120000
22863,0.320000
21845,0.080000
16135,0.320000
15095,0.120000
29703,0.280000
14785,0.240000
20150,0.280000
19473,0.080000
26862,0.160000
3377,0.360000
21166,0.120000
24684,0.320000
32511,0.120000
10587,0.120000
23210,0.240000
8243,0.120000
2046,0.160000
875,0.200000
437,0.360000
9208,0.120000
18560,0.280000
31361,0.080000
3432,0.080000
17066,0.320000
17993,0.080000
4879,0.200000
32898,0.000000
28680,0.240000
10304,0.160000
26899,0.120000
23403,0.240000
21936,0.040000
26927,0.320000
25713,0.240000
23976,0.000000
29908,0.200000
17426,0.280000
9806,0.360000
25886,0.360000
2736,0.320000
26688,0.280000
19261,0.080000
16728,0.040000
8837,0.280000
9345,0.360000
25696,0.240000
33236,0.120000
7258,0.000000
4274,0.200000
18287,0.360000
25062,0.240000
11144,0.080000
11404,0.080000
13232,0.240000
21968,0.160000
12142,0.120000
30796,0.120000
23735,0.080000
26679,0.200000
21726,0.360000
5171,0.040000
3180,0.240000
26950,0.040000
24234,0.000000
32649,0.120000
4377,0.080000
545,0.160000
13114,0.240000
22786,0.120000
21335,0.080000
13292,0.040000
25862,0.240000
37,0.000000
25890,0.120000
22037,0.240000
29304,0.280000
19816,0.240000
7012,0.200000
23338,0.160000
30621,0.040000
11855,0.120000
14062,0.200000
952,0.240000
28695,0.320000
25255,0.240000
14684,0.240000
2599,0.480000
27764,0.080000
22708,0.280000
13605,0.120000
3445,0.280000
12029,0.120000
28494,0.080000
26151,0.240000
30903,0.280000
23078,0.120000
3520,0.360000
23948,0.160000
20536,0.000000
12472,0.080000
12756,0.400000
634,0.240000
11458,0.200000
20348,0.160000
21057,0.360000
26446,0.240000
24170,0.360000
16216,0.120000
28349,0.240000
17295,0.240000
33316,0.000000
5280,0.080000
11201,0.120000
26483,0.200000
10977,0.000000
33290,0.280000
27216,0.200000
7877,0.240000
5650,0.200000
6590,0.480000
13464,0.680000
25639,0.400000
12406,0.160000
32113,0.240000
3787,0.200000
23606,0.160000
7522,0.120000
15293,0.000000
7564,0.040000
19218,0.320000
19678,0.240000
19499,0.240000
13962,0.400000
22744,0.280000
21887,0.160000
28552,0.240000
10726,0.120000
6294,0.440000
13833,0.280000
31643,0.080000
21500,0.160000
33225,0.120000
8905,0.160000
9772,0.120000
27163,0.280000
24507,0.120000
21339,0.080000
1289,0.160000
195,0.200000
31762,0.280000
7873,0.040000
12215,0.360000
